count, Ant
2, 5.919423
3, 12.74296
4, 21.433888
5, 32.738059
6, 48.873248
7, 65.166686
8, 84.574658
9, 108.836777
10, 137.112196