count, Brute
2, 0.03162
3, 0.05699
4, 0.05154
5, 0.08601
6, 0.22215
7, 1.113063
8, 9.230584
9, 158.413497
10, 1000.381581908